{"cameraMode":{"drawMode":0,"name":"Shaded","section":"Shading Mode"},"sceneLighting":false,"audioPlay":false,"sceneViewState":{"m_AlwaysRefresh":false,"showFog":true,"showSkybox":false,"showFlares":true,"showImageEffects":true,"showParticleSystems":true,"showVisualEffectGraphs":true,"m_FxEnabled":true},"in2DMode":false,"pivot":{"x":0.014592170715332032,"y":3.3520302772521974,"z":1.2930318117141724},"rotation":{"x":-0.012889662757515908,"y":0.9708450436592102,"z":-0.2332746982574463,"w":-0.05364426225423813},"size":6.618701934814453,"orthographic":false}