{"cameraMode":{"drawMode":0,"name":"Shaded","section":"Shading Mode"},"sceneLighting":false,"audioPlay":false,"sceneViewState":{"m_AlwaysRefresh":false,"showFog":true,"showSkybox":false,"showFlares":true,"showImageEffects":true,"showParticleSystems":true,"showVisualEffectGraphs":true,"m_FxEnabled":true},"in2DMode":false,"pivot":{"x":-0.10875408351421356,"y":-0.5339906215667725,"z":4.715183734893799},"rotation":{"x":0.12717479467391969,"y":0.5220025777816773,"z":-0.07905864715576172,"w":0.8397083878517151},"size":0.9007106423377991,"orthographic":false}