{"cameraMode":{"drawMode":0,"name":"Shaded","section":"Shading Mode"},"sceneLighting":false,"audioPlay":false,"sceneViewState":{"m_AlwaysRefresh":false,"showFog":true,"showSkybox":false,"showFlares":true,"showImageEffects":true,"showParticleSystems":true,"showVisualEffectGraphs":true,"m_FxEnabled":true},"in2DMode":false,"pivot":{"x":0.09262353181838989,"y":-1.2109360694885255,"z":-5.205326080322266},"rotation":{"x":0.0009227067930623889,"y":0.9837907552719116,"z":-0.17933379113674165,"w":0.0050279502756893639},"size":5.336573123931885,"orthographic":false}