{"cameraMode":{"drawMode":0,"name":"Shaded","section":"Shading Mode"},"sceneLighting":true,"audioPlay":false,"sceneViewState":{"m_AlwaysRefresh":false,"showFog":true,"showSkybox":true,"showFlares":true,"showImageEffects":true,"showParticleSystems":true,"showVisualEffectGraphs":true,"m_FxEnabled":true},"in2DMode":false,"pivot":{"x":156.0546417236328,"y":-13.132253646850586,"z":273.50543212890627},"rotation":{"x":0.4128221273422241,"y":0.24203528463840486,"z":-0.11478344351053238,"w":0.8705374002456665},"size":26.84838104248047,"orthographic":false}